services,language_code,english,indigenous_language,pronunciation
2,200,Arm,Ginni,Gin-nee
2,200,Beard,Yiga,Yee-gah
2,200,Blood,Dunde,Doon-dee
2,200,Body,Djam,Jarm
2,200,Bone,Deeal,Dee-ahl
2,200,Ear,Binung,Bin-ung
2,200,Elbow,Gooa,Goo-ah
2,200,Eye,Mii,Mee
2,200,Face,Nguar,Noo-ah
2,200,Finger / Fingers,Nalu,Na-loo
2,200,Foot,Dinung,Din-nung
2,200,Hair,Kamee,Kar-mee
2,200,Hand,Maa,Mah
2,200,Head,Mau,Maw
2,200,Knee,Koomar,Koo-mah
2,200,Leg,Bongoo,Boong-oo
2,200,Mouth,Keeam,Key-arm
2,200,Nose,Miia,Mee-ah
2,200,Shoulder,Toolga,Tool-gah
2,200,Stomach,Gumar,Goo-moor
2,200,Teeth,Diyung,Dee-ang
2,200,Throat,Wugung,Woo-gunn
2,200,Tongue,Thallin,Thal-lin
2,263,Arm,gining,
2,263,Belly,boo-loo,
2,263,Blood,gakki,
2,263,Bottom,gundar,
2,263,Chin,yikkal,
2,263,Ears,binang,
2,263,Elbow,gundi,
2,263,Eyes,miil,
2,263,Feet/foot,djinang,
2,263,Fingers,bi,
2,263,Hair,dala,
2,263,Hand,biri,
2,263,Head,gam,
2,263,Hip,ganim,
2,263,Knee,djeemee or burruu,
2,263,Leg,djerang,
2,263,Lip/s,dhambur,
2,263,Liver,gunang,
2,263,Mouth,djang'ga,
2,263,Neck,ganna,
2,263,Nose,mooroo,
2,263,Shoulders,waalil,
2,263,Skin,gubar,
2,263,Teeth,nyiling,
2,263,Thigh,djerang,
2,263,Toes,birri-dhinang,
2,263,Tongue,djunam,
2,279,Ankle,wul,
2,279,Arm,marra,
2,279,Belly,banna,
2,279,Belly button,guana,
2,279,Blood,guma,
2,279,Body,gabal,
2,279,Bone,rillu,
2,279,Bottom,bunthi and mulla,
2,279,Chest,ngamba,
2,279,Chin,anu,
2,279,Ears,binang,
2,279,Elbow,gulgul,
2,279,Eyebrow,dinan,
2,279,Eyes,dili,
2,279,Face,wutha,
2,279,Feet/foot,dina,
2,279,Fingers,balngnan,
2,279,Forehead,yali,
2,279,Hair,manam,
2,279,Hand,malla,
2,279,Head,ngatha,
2,279,Heart,dalgu,
2,279,Hip,yuli,
2,279,Kidney,rindu,
2,279,Knee,bikal,
2,279,Leg,dumu and gal,
2,279,Lip,munu,
2,279,Liver,gipa,
2,279,Mouth,dangga,
2,279,Neck,bimbi,
2,279,Nose,nunta,
2,279,Nostril,yuna,
2,279,Shoulders,nirrgal,
2,279,Skin,nhuman,
2,279,Teeth,yira,
2,279,Thigh,dharha,
2,279,Thumb,murrgin,
2,279,Toes,dalgayu,
2,279,Tongue,dalang,
2,279,Wrist,dandha,
2,252,Arm,Gining,Gin-ing
2,252,Blood,Diyir,Dee-year
2,252,Body,Djam,Jarm
2,252,Bone,Giira,Geer-ah
2,252,Ear,Binung,Bin-ung
2,252,Elbow,Gulumur,Goo-loom-or
2,252,Eye,Miya,Mii-ya
2,252,Face,Nguwar,Noo-wah
2,252,Finger,Bii,Bee
2,252,Foot,Dinung,Din-nung
2,252,Forehead,Yiyim,Yii-im
2,252,Hair,Kabui,Kar-boo-ee
2,252,Hand (left),Wadangir,Wah-dun-ear
2,252,Hand (right),Djunim,Jun-eem
2,252,Head,Maa,Mah
2,252,Knee,Buhn,Boon
2,252,Leg,Djangar,Jar-nah
2,252,Mouth,Dambur,Darm-boor
2,252,Neck,Wanda,Wan-dar
2,252,Nose,Mii,Mee
2,252,Shin/Calf,Buyu,Boo-yoo
2,252,Skin,Bem,Beam
2,252,Shoulder,Walir,Wah-leer
2,252,Stomach,Muu,Moo
2,252,Teeth,Diyeng,Dee-ang
2,265,Ankle,wugul,
2,265,Arm,gini,
2,265,Belly,bulu,
2,265,Belly button,wogoo,
2,265,Blood,dii,
2,265,Bone,daigil,
2,265,Bottom,mundi,
2,265,Chin,yinboo,
2,265,Ears,bina,
2,265,Elbow,goomoo,
2,265,Eyebrow,teeping,
2,265,Eyes,mil,
2,265,Face,gun gun,
2,265,Feet/foot,djina,
2,265,Hair,gubu,
2,265,Hand,biru,
2,265,Head,wurul,
2,265,Heart,dulgu,
2,265,Hip,gaman,
2,265,Knee,bii,
2,265,Leg,djanyar,
2,265,Lip,yillim,
2,265,Liver,gana,
2,265,Mouth,geem,
2,265,Neck,wandal,
2,265,Nose,muru,
2,265,Shoulders,gilun,
2,265,Skin,yulan,
2,265,Teeth,dira,
2,265,Toes,mundoie,
2,265,Tongue,dunga,
2,196,Ankle,Bargu,
2,196,Arm,Do-roo,
2,196,Body (Back),Bullkoo,
2,196,Bone,Yarrun,
2,196,Bottom,Bunthi,
2,196,Chest,Wonka,
2,196,Chin,Nuthung,
2,196,Ears,Munga,
2,196,Elbow>,Uraldo,
2,196,Eyes,Dilli,
2,196,Feet/foot,Din-ar,
2,196,Finger/s,Mum boo,
2,196,Forehead,Bulka,
2,196,Hair,Utha,
2,196,Hand,Murrda,
2,196,Head,Doonka,
2,196,Heart,Yulgoo,
2,196,Knee,Moogoo,
2,196,Leg,Bala,
2,196,Lip,Bikki,
2,196,Mouth,Da,
2,196,Neck,Nulldo,
2,196,Nose,Who,
2,196,Shoulders,Bidda,
2,196,Teeth,Illa,
2,196,Toes,Munn-dooe,
2,196,Tongue,Thullung,
2,1064,Ankle,danaKuku Yalanji,
2,1064,Arm,geth,
2,1064,Belly,maytha,
2,1064,Belly button,maythakup,
2,1064,Blood,kulka,
2,1064,Body,gamu,
2,1064,Bone,ridh,
2,1064,Bottom,kup,
2,1064,Chest,da,
2,1064,Chin,ibu,
2,1064,Ears,kawra (singular) kawral ( plural),
2,1064,Elbow,kudu,
2,1064,Eyebrow,boeybasam,
2,1064,Eyes,purka (sg) purkal (pl),
2,1064,Face,paru,
2,1064,Feet/Foot,san,
2,1064,Finger/s,dhimur(sg) dhimural(pl),
2,1064,Forehead,poewth,
2,1064,Hair,yalbup,
2,1064,Hand,geth,
2,1064,Head,kuyk,
2,1064,Heart,ngoenakap,
2,1064,Hip,pasikap,
2,1064,Kidney,pulipul,
2,1064,Knee,kulu,
2,1064,Leg,ngar,
2,1064,Lip,iragud,
2,1064,Liver,sib,
2,1064,Mouth,gud,
2,1064,Neck,mudul,
2,1064,Nose,piti,
2,1064,Nostril,koerab,
2,1064,Shoulders,thabay,
2,1064,Skin,goengaw,
2,1064,Teeth,dhang (sg) dhangal (pl),
2,1064,Thigh,dokap,
2,1064,Thumb,kuyku dhimur,
2,1064,Toes,sanaw dhimur(sg) sanaw dhimural (pl),
2,1064,Tongue,noey,
2,1064,Wrist,pertha,
2,1163,Arm,daki,
2,1163,Belly,waral,
2,1163,Blood,ju-ju,
2,1163,Bottom/bum,bun-ni,
2,1163,Chest,du-mu,
2,1163,Chin,bari,
2,1163,Ear,milka,
2,1163,Elbow,juril,
2,1163,Eyebrow / eyelash,nyinki,
2,1163,Eyes,myil,
2,1163,Face,walu,
2,1163,Foot,jina,
2,1163,Finger / hand,mara,
2,1163,Forehead,munju,
2,1163,Hair,malka-bu,
2,1163,Head,dukul,
2,1163,Heart,wudal,
2,1163,Hip,waba,
2,1163,Kidney,ngun-gum-urr,
2,1163,Lip,yimbi,
2,1163,Liver,jiba,
2,1163,Mouth,ngan-dal,
2,1163,Neck,jakay,
2,1163,Shoulder,binda,
2,1163,Skin,yulban,
2,1163,Teeth,ditha,
2,1163,Thumb,mula,
2,1163,Toes,durra,
2,1163,Tongue,nyabil,
2,1163,Wrist,jinbar,
2,1054,Arm,d'aga,
2,1054,Belly,ra,
2,1054,Body,mboa,
2,1054,Chest,oni,
2,1054,Chin,engau,
2,1054,Ear,wo'a,
2,1054,Elbow,muto,
2,1054,Eyebrow,b'ada,
2,1054,Eyes,adae,
2,1054,Foot / toes,goa,
2,1054,Finger / hand,a,
2,1054,Forehead,bai,
2,1054,Hair,nga,
2,1054,Head,troka,
2,1054,Leg,tena,
2,1054,Lip,enga,
2,1054,Liver,koi-itichi,
2,1054,Shoulder,daru,
2,1054,Skin,kaie,
2,1054,Teeth / small bone,abau,
2,1054,Tongue,puduna,
2,1155,One,Ipima,
2,281,One,Warba,
2,275,One,Webben,
2,498,One,Wangarra,
2,193,One,Bardja,
2,290,One,Warba,
2,290,One,Warba,
2,1089,One,Yunegal,
2,1089,One,Yoongool,
2,263,One,Garalin,
2,279,One,Werpa,
2,252,One,Garu,
2,182,One,Maal,
2,362,One,Jathara,
2,618,One,Yingamali,
2,277,One,Wungara,
2,201,One,Yabul,
2,243,One,Yabur,
2,392,One,Koorbno,
2,265,One,Neula,
2,265,One,Neular,
2,1056,One,Pirman,
2,295,One,Nyunkal,
2,468,One,Matina,
2,196,One,Wongarra,
2,203,One,Wanggara,
2,192,One,Wanggara,
2,250,One,Kunara,
2,318,One,Wombarah,
2,261,One,Kalim,
2,1064,One,Urapon,
2,342,One,Ayat,
2,392,One,Kurunyu,
2,359,One,Wongarri,
2,1163,One,Nobin,
2,1163,One,Nyubin,
2,492,One,Wongara,
2,1154,One,Thono,
2,370,One,Warnge,
2,312,One,Yabar,
2,204,One,Wongara,
2,345,One,Ingomar,
2,1112,One,Netat,
2,357,One,Tualna,
2,284,One,Whychen,
2,993,One,Yunggul,
2,388,One,Ngururu,
2,1106,One,Pim,
2,780,One,Wan,
2,323,One,Ganar,
2,1049,One,Ngipima,
2,260,One,Kumbe,
2,338,One,Ooroo,
2,477,One,Watjuwarli,
2,1141,One,Thonan,
2,291,One,Wadyin,
2,285,One,Warba,
2,470,One,Kurnu,
2,616,One,Aalkula,
2,298,One,Warba,
2,980,One,Guman,
2,289,One,Wadyin,
2,1158,One,Yirr,
2,248,One,Yabru,
2,301,One,Kunnar,
2,255,One,Kunnar,
2,1191,One,Milan,
2,1155,Two,Udhima,
2,281,Two,Bularu,
2,275,Two,Booli,
2,498,Two,Bularu,
2,193,Two,Boolul,
2,290,Two,Bularu,
2,290,Two,Bularu,
2,1089,Two,Yugga,
2,1089,Two,Yekka,
2,263,Two,Bula,
2,279,Two,Bullari,
2,252,Two,Biyaiyu,
2,182,Two,Bularr,
2,362,Two,Giyarrngga,
2,618,Two,Kujarra,
2,277,Two,Boolaru,
2,201,Two,Bula,
2,243,Two,Bulah,
2,392,Two,Orra,
2,265,Two,Boola,
2,265,Two,Boolar,
2,1056,Two,Ilabiu,
2,295,Two,Bulari,
2,468,Two,Barcoola,
2,196,Two,Bularu,
2,203,Two,Bulardi,
2,192,Two,Balardii,
2,250,Two,Boodla,
2,318,Two,Bular,
2,261,Two,Bula,
2,1064,Two,Ukusar,
2,342,Two,Lyuati,
2,392,Two,Wurra,
2,359,Two,Kurbayia,
2,1163,Two,Mummera,
2,1163,Two,Jambul,
2,492,Two,Muta,
2,1154,Two,Kuthirr,
2,370,Two,Kiyan,
2,312,Two,Bula,
2,204,Two,Bullardoo,
2,345,Two,Blagura,
2,1112,Two,Neis,
2,357,Two,Digana,
2,284,Two,Bullaroo,
2,993,Two,Yaga,
2,388,Two,Parrhkula,
2,1106,Two,Udhwith,
2,780,Two,Tu,
2,323,Two,Burla,
2,1049,Two,Udhyama,
2,260,Two,Booa,
2,338,Two,Barkoola,
2,477,Two,Parrkulu,
2,1141,Two,Kucham,
2,291,Two,Bularu,
2,285,Two,Bularu,
2,470,Two,Parrku,
2,616,Two,Kanmada,
2,298,Two,Bularu,
2,980,Two,Jamula,
2,289,Two,Bularu,
2,1158,Two,Koyrr,
2,248,Two,Bula,
2,301,Two,Budela,
2,255,Two,Budela,
2,1191,Two,Bulaarr,
2,1155,Three,Wuchama,
2,281,Three,Bularu-Warba,
2,275,Three,Koorel,
2,498,Three,Bularu Wangarra,
2,193,Three,Boolul-bardja,
2,290,Three,Gudbaru,
2,290,Three,Gulbara,
2,1089,Three,Karrbo,
2,1089,Three,Kurrboo,
2,263,Three,Bula-gaalin,
2,279,Three,Bullari-werpa,
2,252,Three,Goromba,
2,182,Three,Gulibaa,
2,362,Three,Burldamurra,
2,618,Three,Yingamali-Kujarra,
2,277,Three,Boolaru-wungara,
2,201,Three,Bula-yabul,
2,243,Three,Bulah-yabur,
2,392,Three,Koorborra,
2,265,Three,Boola-neula,
2,265,Three,Neularboolar,
2,1056,Three,Dhama,
2,295,Three,Gudbara,
2,468,Three,Barcoola matina,
2,196,Three,Bularu-wongarra,
2,203,Three,Bulardi-wanggara,
2,192,Three,Balardii-wanggara,
2,250,Three,Boodla kunara,
2,318,Three,Bular-wombarah,
2,261,Three,Bula-kalim,
2,1064,Three,Ukasar-urapon,
2,342,Three,Kurrpai,
2,392,Three,Kurrpara,
2,359,Three,Matta,
2,1163,Three,Kollur,
2,1163,Three,Kulur,
2,492,Three,Our,
2,1154,Three,Pinalam,
2,370,Three,MungKalaw Kawaw Yan,
2,312,Three,Bulayabar,
2,204,Three,Bullardoo-wongara,
2,345,Three,Muda Nuda,
2,1112,Three,Neis-netat,
2,357,Three,Tangilla,
2,284,Three,Bullaroo-whychen,
2,993,Three,Gaabu,
2,388,Three,Parrhkulanguru,
2,1106,Three,-,
2,780,Three,Tri,
2,323,Three,Burla Ganar,
2,1049,Three,Wuchama,
2,260,Three,Kuram,
2,338,Three,Barkooleroo,
2,477,Three,Parrkuwatju,
2,1141,Three,Ko'alam,
2,291,Three,Bularu-wadyin,
2,285,Three,Gargun,
2,470,Three,Parku-kurnu,
2,616,Three,Liikanmarra-alkula,
2,298,Three,Bulara-Warba,
2,980,Three,Dagul,
2,289,Three,Bularu-wadyin,
2,1158,Three,Wapayrr,
2,248,Three,Bulayabru,
2,301,Three,Mudden,
2,255,Three,Mudden,
2,1191,Three,Gulibaa,
2,1155,Four,-,
2,281,Four,Bularu-bularu,
2,275,Four,-,
2,498,Four,Bularu-bularu,
2,193,Four,Goonimbilla,
2,290,Four,Bularu Bularu,
2,290,Four,Bularu Bularu,
2,1089,Four,Yugga-Yugga,
2,1089,Four,Tukkin,
2,263,Four,Bula-bula,
2,279,Four,Kangoondie,
2,252,Four,-,
2,182,Four,Buligaa,
2,362,Four,"Wawurlda (few, not many)",
2,618,Four,"Murrku (a few, not many - can refer to 3, 4 or 5)",
2,277,Four,Boolaroo-boolaroo,
2,201,Four,Bula-bula,
2,243,Four,Bulah-bulah,
2,392,Four,Nadera,
2,265,Four,Bomboin,
2,265,Four,Boolar-boolar,
2,1056,Four,-,
2,295,Four,Marrgabala,
2,468,Four,Barcoola barcoola,
2,196,Four,Bularu-bularu,
2,203,Four,Bulardi-Bulardi,
2,192,Four,Balardii-Balardii,
2,250,Four,Boodla Boodla,
2,318,Four,Bular-bular,
2,261,Four,Bula-bula,
2,1064,Four,-,
2,342,Four,,
2,392,Four,Wurrapanta,
2,359,Four,Murgoo,
2,1163,Four,,
2,1163,Four,Jambul-Jambul,
2,492,Four,Adava,
2,1154,Four,Mong your kolele,
2,370,Four,Kiyan Bana Kiyan,
2,312,Four,Bulabula,
2,204,Four,bullardoo-bullardoo,
2,345,Four,Cudgello,
2,1112,Four,-,
2,357,Four,Ticantallio duallio,
2,284,Four,Bullaroo-bullaroo,
2,993,Four,Gaabugaabu (few can refer to four or five),
2,388,Four,Parrhkulaparrkhula,
2,1106,Four,-,
2,780,Four,Po,
2,323,Four,Burla Burla,
2,1049,Four,-,
2,260,Four,Bogo,
2,338,Four,Barkoola-Barkoola,
2,477,Four,Parrkuluparrkulu,
2,1141,Four,Kuchamkucham,
2,291,Four,Bularu-bularu,
2,285,Four,Gungu,
2,470,Four,Parrku-Parrku,
2,616,Four,Leekanmaraalkula,
2,298,Four,Bularu-Bularu,
2,980,Four,Yunggan-gunyjii,
2,289,Four,Bularu-bularu,
2,1158,Four,Morr-maq,
2,248,Four,Bulabula,
2,301,Four,Budela-budela,
2,255,Four,Budela-budela,
2,1191,Four,Buligaa,
2,1155,Five,-,
2,281,Five,Maal,
2,275,Five,Moolloon,
2,498,Five,Mara,
2,193,Five,Marr,
2,290,Five,Bularu Gudbaru,
2,290,Five,Bularu Gulbara,
2,1089,Five,Mundi,
2,1089,Five,Munndai,
2,263,Five,Bi,
2,279,Five,Illy,
2,252,Five,-,
2,182,Five,Maa,
2,362,Five,Marlda,
2,618,Five,Mani,
2,277,Five,Marra,
2,201,Five,Maa,
2,243,Five,Danggan,
2,392,Five,Murra,
2,265,Five,Birroo,
2,265,Five,Boolar Boolar Neular,
2,1056,Five,Ata,
2,295,Five,Mara,
2,468,Five,Murra,
2,196,Five,Marda,
2,203,Five,Marda,
2,192,Five,Marda,
2,250,Five,Murra,
2,318,Five,Maa,
2,261,Five,Pirri,
2,1064,Five,-,
2,342,Five,Makathi,
2,392,Five,Marapithuru,
2,359,Five,Malla,
2,1163,Five,Murra,
2,1163,Five,Murra,
2,492,Five,Murra,
2,1154,Five,Yuur,
2,370,Five,Marlda,
2,312,Five,Dunngunn,
2,204,Five,Marda,
2,345,Five,Mullero,
2,1112,Five,-,
2,357,Five,Nungurra,
2,284,Five,Malla,
2,993,Five,Gaabugaabu (few can refer to four or five),
2,388,Five,Mara,
2,1106,Five,'a,
2,780,Five,Paib,
2,323,Five,Marra,
2,1049,Five,-,
2,260,Five,Na,
2,338,Five,Marrkana,
2,477,Five,Mara,
2,1141,Five,Ma',
2,291,Five,Mara,
2,285,Five,Mala,
2,470,Five,Mara,
2,616,Five,Liijakara,
2,298,Five,Mara,
2,980,Five,Mala,
2,289,Five,Mala,
2,1158,Five,Yorthelemrr,
2,248,Five,Dunngunn,
2,301,Five,Mudden-budela,
2,255,Five,Mudden-budela,
2,1191,Five,Maa,
2,1155,Many,Makyan,
2,281,Many,Dalmarri,
2,275,Many,-,
2,498,Many,Banya Banya,
2,193,Many,Mayburra,
2,290,Many,Dalgay,
2,290,Many,Moorgi,
2,1089,Many,Kundil,
2,1089,Many,Duckin,
2,263,Many,Banggan,
2,279,Many,Woorrain,
2,252,Many,Yoiran,
2,182,Many,Burrulaa,
2,362,Many,Jardi,
2,618,Many,Kaja,
2,277,Many,Yangier,
2,201,Many,,
2,243,Many,Gumbi,
2,392,Many,Toona,
2,265,Many,Yingathu,
2,265,Many,Yingarloo,
2,1056,Many,Buta,
2,295,Many,Guybaguyba,
2,468,Many,Mirty,
2,196,Many,Yangarra-yangarra,
2,203,Many,Mulla-mulla,
2,192,Many,Mulla-mulla,
2,250,Many,Munyal,
2,318,Many,Murung,
2,261,Many,Bungan,
2,1064,Many,Gorsar,
2,342,Many,Maltha,
2,392,Many,Thunga,
2,359,Many,,
2,1163,Many,Kokara,
2,1163,Many,Wubul,
2,492,Many,Mooral,
2,1154,Many,Mong,
2,370,Many,Jika,
2,312,Many,Wallul,
2,204,Many,Bunyarie,
2,345,Many,Cudgello,
2,1112,Many,Gaire,
2,357,Many,Yonkoona,
2,284,Many,Talgai,
2,993,Many,Balar,
2,388,Many,Punhi,
2,1106,Many,Urri,
2,780,Many,Plenti,
2,323,Many,Korumba,
2,1049,Many,Makyan,
2,260,Many,Bogo,
2,338,Many,Murrtoo,
2,477,Many,Warndru,
2,1141,Many,Yot,
2,291,Many,Dalgay,
2,285,Many,Mulea,
2,470,Many,Nunka,
2,616,Many,Liikanmaraalkula,
2,298,Many,Mandya (also used for five or few),
2,980,Many,Ngabi,
2,289,Many,Murga,
2,1158,Many,Yamar,
2,248,Many,Wallul,
2,301,Many,Millen,
2,255,Many,Millen,
2,1191,Many,Burrulaa,
2,255,"Bird (Generic	 any bird)",Juwanbin,
2,255,Carpet Snake,Kabul,
2,255,Crow,Wawal,
2,255,Dingo/Wild Dog,Mirri,
2,255,Eagle,Juwehrr,
2,255,Emu,Nguyi,
2,255,"Fish (Generic	 any fish)",Jawan,
2,255,Horse,Yarraman,
2,255,Kangaroo,Barrar,
2,255,Goala,Dumbirrbi,
2,255,Pelican,Bulualum,
2,255,Possum,Kubbi,
2,255,Shark,Powai,
2,255,Snake (Black),Bui,
2,255,Sugar Glider,Chibur,
2,255,Wallaby,Garril,
2,301,"Bird (Generic	 any bird)",Juwahnduwan,
2,301,Carpet Snake,Kabul,
2,301,Crow,Wagan,
2,301,Dingo/Wild Dog,Mirri,
2,301,Eagle,Juwehrr,
2,301,Emu,Ngurun,
2,301,"Fish (Generic	 any fish)",Guyurr,
2,301,Horse,Yarraman,
2,301,Kangaroo,Burrar,
2,301,Goala,Marrambi,
2,301,Pelican,Bulualum,
2,301,Possum,Kubbi,
2,301,Shark,Powai,
2,301,Snake (Black),Bui,
2,301,Sugar Glider,Chibur,
2,301,Wallaby,Garril,
2,248,"Bird (Generic	 any bird)",Noangbil,
2,248,Carpet Snake,Kabul,
2,248,Crow,Wagahn,
2,248,Dingo/Wild Dog,Ngurun,
2,248,Eagle,Mibunn,
2,248,Emu,Murun,
2,248,"Fish (Generic	 any fish)",Jalumm,
2,248,Horse,Yarraman,
2,248,Kangaroo,Muni,
2,248,Goala,Borobi,
2,248,Pelican,Chungarra,
2,248,Possum,Guran,
2,248,Shark,Bowai,
2,248,Snake (Black),Jomgwong,
2,248,Sugar Glider,Jiburr,
2,248,Wallaby,Karil,
2,323,"Bird (Generic	 any bird)",Juwahnduwan,
2,323,Carpet Snake,Kabul,
2,323,Crow,Wowa,
2,323,Dingo/Wild Dog,Mirri,
2,323,Eagle,Dibbil,
2,323,Emu,Nguyi,
2,323,"Fish (Generic	 any fish)",Kuyur,
2,323,Horse,Yarraman,
2,323,Kangaroo,Gurooman,
2,323,Goala,Dumbirrbi,
2,323,Pelican,Bulualum,
2,323,Possum,Kubbi,
2,323,Shark,Powai,
2,323,Snake (Black),Tumgu,
2,323,Sugar Glider,Chibur,
2,323,Wallaby,Garril,
2,1155,G'day,Iyurrah ,Eye-you-rah
2,287,G'day,Boongonna moogonoo ,Boon-on-nah moo-go-noo
2,498,G'day,Budabai duru ,Bood-ah-bye doo-roo
2,193,G'day,Weeimba gilee ,Wee-im-bar Gear-lee
2,290,G'day,Budjeri gari ,Budge-ah-ree gah-ree
2,290,G'day,Yandanji ,Yan-dan-gee
2,1089,G'day,Mullee weeyee ,Mull-lee wee-yee
2,263,G'day,Galangoor D'Buthbee ,Gull-a-ngoor dee-buth-bee
2,279,G'day,Gudamulli ,Good-a-ma-lee
2,969,G'day,Djirri nyurra ,Ji-rii new-ra
2,987,G'day,Nginda nyangum ,Ngin-da nya-ngum
2,187,G'day,Winba duru ,Win-bar doo-roo
2,182,G'day,Gaba yaadha ,Gar-ba Yah-da
2,182,G'day,Yaama ,Yah-ma
2,182,G'day,Yaamagara ,Yah-ma-ga-ra
2,273,G'day,Binbee karri ,Bin-bi car-ree
2,299,G'day,Binbee kurri,Bin-bi curry
2,270,G'day,Binbee karri-yamba ,Bin-bi carry-yum-ba
2,277,G'day,Binbee karri ,Bin-bee car-ree
2,243,G'day,Bugal numgirr ,Boog-al numb-gear
2,265,G'day,Balka wittaberri ,Bal-car wit-a-berry
2,258,G'day,Kooemba boodloonggun ,Koo-em-ba bood-loong-oon
2,261,G'day,Ngara ,Nah-ra
2,261,G'day,Wunya ngulum ,Wun-yah noo-lum
2,1056,G'day,Mita dju ,Mit-a ju
2,295,G'day,Nooda kurra ,Noo-da kar-ra
2,196,G'day,Migany duru ,Mee-gun doo-roo
2,196,G'day,Yowallah ,Yow-a-la
2,196,G'day,Nganha yinda murdi ,Ngoo-nha yin-da moorr-di
2,203,G'day,Mudga dhurdi ,Mud-ga door-di
2,1168,G'day,Wantharra Nyundu? ,One-tharr-a (roll r) a Nyoon(short)-doo
2,1168,G'day,Ga-dii Wawu-wi ,Ga-dee wa-oo-wi
2,192,G'day,Murga dhurdiu ,Moor-ga door-di
2,250,G'day,Maroomba Biggee ,Ma-rroom-ba big-i
2,318,G'day,Gamba daru ,Gum-ba da-roo
2,1127,G'day,Meenee cumballagoo ,Mi-ni cum-ba-la-goo
2,1064,G'day,Ngi midh ,Ngi midh
2,1064,G'day,Sew ngapa ,Seh-ooh nga-pah
2,1064,G'day,Kapu Goiga ,Car-Poo Gur-gah
2,189,G'day,Dhali mura ,Da-li mah-ra
2,342,G'day,Kammanuroo kaamp ,Kah-man-a-roo camp
2,359,G'day,Manja mandja ,Mun-ya mun-ja
2,1163,G'day,Ngulkurr warngku ,Nool-kore warn-koo
2,1154,G'day,Wooy ,Woy
2,1154,G'day,Min yoor ,Min Yaw
2,204,G'day,Galang genan ,Gull-ung gen-un
2,1112,G'day,Maiem ,Ma-i-yem
2,345,G'day,Yathi winja ,Yah-thee win-ya
2,206,G'day,Migunguri toonee ,Mi-gun-oo-ri too-ni
2,388,G'day,Myalli walka ,My-al-lee wal-kah
2,323,G'day,Galang nguruindhau ,Ga-lung ngoo-rroo-win-dha-woo
2,260,G'day,Yhurri gurri ,You-ree Goo-ree
2,260,G'day,Galang ngunar ,Gull-ung noo-nah
2,260,G'day,Galangul allara ,Gull-ung-ull al-a-ra
2,477,G'day,Tharli mura ,Tha-li mah-ra
2,1141,G'day,Niiyalang ,Nee-ya-lung
2,291,G'day,Bunyiba garibiri ,Bun-yi-ba gar-i-beer-i
2,326,G'day,Gamba dunba ,Gum-ba doon-ba
2,470,G'day,Patji dritji ,Pat-ji drit-ji
2,286,G'day,Marbil kai ,Mah-bill kye
2,289,G'day,Thurril adjila ,Tha-rill add-jill-a
2,497,G'day,Dharili kumba ,Dah-ri-li koom-ba
2,248,G'day,Baugull nyungai ,Ba-oo-gool nyoong-a-i
2,248,G'day,Jingerri ,Jing-ga-rri
2,248,G'day,Jingiwalli wahlu ,Jing-gi-wali wa-loo
2,301,G'day,Gurumba bigi ,Goo-roo-mba big-i
2,255,G'day,Gurumba bigi ,Goo-roo-mba big-i
2,1191,G'day,Gaba yaadha ,Gar-ba Yah-da
2,1064,Anchor,Iadi,
2,1064,Axe,Aga,
2,1064,Book,Thusi,
2,1064,Child,Kazi,
2,1064,Church,Yoewth,
2,1064,Cloud,Zia,
2,1064,Coconut Tree,Boey,
2,1064,Crocodile,Koedal,
2,1064,Drum,Warup,
2,1064,Dugong,Dhangal,
2,1064,Ear,Kaura,
2,1064,Eye,Purka,
2,1064,Father,Thathi,
2,1064,Fire,Mui,
2,1064,Fish,Wapi,
2,1064,Fish Hook,Tudi,
2,1064,Foot,San,
2,1064,Frog,Katube,
2,1064,Girl,Ngawaka,
2,1064,Ground,Apa,
2,1064,Hand,Geth,
2,1064,Head,Kuik,
2,1064,House,Mudth,
2,1064,Island,Lagua or Lag,
2,1064,Kangaroo,Usar,
2,1064,Knee,Kulu,
2,1064,Lizard,Iku,
2,1064,Mat,Waku,
2,1064,Moon,Kisal,
2,1064,Mother,Apu,
2,1064,No,Launga,
2,1064,Octopus,Sugu,
2,1064,One,Urapun,
2,1064,People,Garkazi,
2,1064,Rain,Ari,
2,1064,Sea,Malu,
2,1064,Shark,Baidham,
2,1064,Sky,Dapar,
2,1064,Snake,Tabu,
2,1064,Spear,Dagul,
2,1064,Spider,Enti,
2,1064,Stingray,Thupmul,
2,1064,Stone,Kula,
2,1064,Sun,Goega,
2,1064,Today,Kaib,
2,1064,Tomorrow,Batainga,
2,1064,Turtle,Waru,
2,1064,Two,Ukasar,
2,1064,Water,Nguki,
2,1064,Wind,Gub,
2,1064,Yam,Gabau,
2,1064,Yes,Wa,
2,1112,Anchor,Par,
2,1112,Axe,Tulik,
2,1112,Book,Ziau-wali,
2,1112,Child,Werem,
2,1112,Church,Zogometa,
2,1112,Cloud,Baz,
2,1112,Coconut Tree,U,
2,1112,Crocodile,Kodal,
2,1112,Drum,Warup,
2,1112,Dugong,Deger,
2,1112,Ear,Laip,
2,1112,Eye,Poni,
2,1112,Father,Abe,
2,1112,Fire,Ur,
2,1112,Fish,Lar,
2,1112,Fish Hook,Mekek,
2,1112,Foot,Teter,
2,1112,Frog,Gowai,
2,1112,Girl,Neur,
2,1112,Ground,Geseb,
2,1112,Hand,Tag,
2,1112,Head,Kirim,
2,1112,House,Meta,
2,1112,Island,Kaur,
2,1112,Kangaroo,Usar,
2,1112,Knee,Teter-au-kok,
2,1112,Lizard,Zirar,
2,1112,Mat,Papek,
2,1112,Moon,Meb,
2,1112,Mother,Amau,
2,1112,No,Nole,
2,1112,Octopus,Arti,
2,1112,One,Netat,
2,1112,People,Gaire-le,
2,1112,Rain,Irmer,
2,1112,Sea,Gur,
2,1112,Shark,Beizam,
2,1112,Sky,Kotor,
2,1112,Snake,Tabu,
2,1112,Spear,Baur,
2,1112,Spider,Seber,
2,1112,Stingray,At,
2,1112,Stone,Baker,
2,1112,Sun,Lim,
2,1112,Today,Abele-gereger,
2,1112,Tomorrow,Iobaru,
2,1112,Turtle,Nam,
2,1112,Two,Neis,
2,1112,Water,Ni,
2,1112,Wind,Wag,
2,1112,Yam,Lewer,
2,1112,Yes,Aa,
2,780,Anchor,Angka,
2,780,Axe,Tamyok,
2,780,Book,Buk,
2,780,Child,Piknini,
2,780,Church,Soes,
2,780,Cloud,Klaud,
2,780,Coconut Tree,Koknat tri,
2,780,Crocodile,Algida,
2,780,Drum,Dram,
2,780,Dugong,Dugon,
2,780,Ear,Talinga,
2,780,Eye,Ai,
2,780,Father,Baba,
2,780,Fire,Paya,
2,780,Fish,Pis,
2,780,Fish Hook,Pis uk,
2,780,Foot,Thraik,
2,780,Frog,Prog,
2,780,Girl,Gel,
2,780,Ground,Graun,
2,780,Hand,An,
2,780,Head,Ed,
2,780,House,Aus,
2,780,Island,Ailan,
2,780,Kangaroo,Kangru,
2,780,Knee,Ni,
2,780,Lizard,Gwana,
2,780,Mat,Mat,
2,780,Moon,Mun,
2,780,Mother,Ama,
2,780,No,Launga,
2,780,Octopus,Sugu,
2,780,One,Wan,
2,780,People,Pipel,
2,780,Rain,Ren,
2,780,Sea,Solwata,
2,780,Shark,Sak,
2,780,Sky,Skai,
2,780,Snake,Sneik,
2,780,Spear,Spiya,
2,780,Spider,Spaida,
2,780,Stingray,Thingari,
2,780,Stone,Ston,
2,780,Sun,San,
2,780,Today,Tidei,
2,780,Tomorrow,Thumara,
2,780,Turtle,Totol,
2,780,Two,Tu,
2,780,Water,Wata,
2,780,Wind,Win,
2,780,Yam,Yam,
2,780,Yes,Wa,
2,323,Arm,Yamma,Yah-mah
2,323,Blood,Gardin,Gar-din
2,323,Bone,Dyrrbin,Deer-bin
2,323,Ear,Binung,Bin-ung
2,323,Eye,Mill,Mill
2,323,Finger,Gillen,Gill-een
2,323,Foot,Dinung,Din-nung
2,323,Forehead,Yilim,Yill-im
2,323,Hair,Kabui,Kar-boo-ee
2,323,Hand,Marra,Mah-rah
2,323,Head,Magul,Mah-gool
2,323,Knee,Buhn,Boon
2,323,Leg,Dharang,Dah-rang
2,323,Mouth,Dhambur,Dam-boor
2,323,Neck,Durdur,Door-door
2,323,Nose,Muro,Moo-row
2,323,Shin,Buyu,Boo-yoo
2,323,Shoulder,Giga,Gee-gah
2,323,Teeth,Deea,Dee-ah
2,260,Ankle,Wulu,Woo-loo
2,260,Arm,Gining,Geen-inn
2,260,Armpit,Wamgir,Warm-gear
2,260,Back,Burum,Boo-rum
2,260,Backside,Mundi,Moon-dee
2,260,Beard,Yikka,Yick-ah
2,260,Blood,Dir,De-ah
2,260,Bone,Gira,Gear-ah
2,260,Calf,Buyu,Boo-yoo
2,260,Cheek,Wanga,Won-ah
2,260,Chin,Yikka,Yick-ah
2,260,Ear,Binang,Bin-ung
2,260,Elbow,Kulumur,Kool-oo-moor
2,260,Eye,Ma,Mah
2,260,Eyebrow,Dhipin,Dee-pin
2,260,Eyelash,Buel-buel,Bewl-bewl
2,260,Face,Ngwar,Ing-wah
2,260,Finger,Na,Nah
2,260,Fingernail,Gillin,Gill-lin
2,260,Foot,Djinang,Gin-ung
2,260,Hair,Gam,Gam
2,260,Hand,Na,Nah
2,260,Head,Mau,Maw
2,260,Heart,Du,Doo
2,260,Intestines,Gunang,Goon-un
2,260,Knee,Bundur,Boon-door
2,260,Leg,Djangar,Jun-gar
2,260,Lips,Dhambur,Dum-burr
2,260,Mouth,Dhambur,Dum-burr
2,260,Neck,Wanda,Wun-dah
2,260,Nose,Mi,Mee
2,260,Shoulder,Wali,Wah-lee
2,260,Skin,Dumee,Doo-mee
2,260,Stomach,Mu,Moo
2,260,Teeth,Diang,Dee-ung
2,260,Thigh,Djungor,Jung-or
2,260,Toe/Toes,Djinang,Gin-ung
2,260,Tongue,Dunam,Doo-nam
2,999,Arm,Garrgal,
2,999,Belly,Yulgu,
2,999,Belly button,Djuulndjuru?,
2,999,Blood,Gurrmal,
2,999,Body,Gambara,
2,999,Bone,Djulgil,
2,999,Bottom,Djulu,
2,999,Chest,Djindi,
2,999,Chin,Ngangul,
2,999,Ears,Bina,
2,999,Elbow,Mugay,
2,999,Eyebrow,Buyin,
2,999,Eyes,Gayga,
2,999,Face,Nga?i,
2,999,Feet/Foot,Biga?,
2,999,Forehead,Rimbi,
2,999,Hair,Murray,
2,999,Hand,Mala,
2,999,Head,Mugal,
2,999,Heart,Rulgu,
2,999,Hip,Bilu,
2,999,Kidney,Djagarri,
2,999,Knee,Bunggu,
2,999,Leg,Djarrawaga,
2,999,Lip,Mulin,
2,999,Liver,Giba,
2,999,Mouth,Ngayilnggarra,
2,999,Neck,Wudu,
2,999,Nostril,Binda,
2,999,Shoulders,Yunggu,
2,999,Skin,Yirra,
2,999,Teeth,Djarra,
2,999,Thigh,Gumbi,
2,999,Thumb,?igi?,
2,999,Toes,Djala?,
2,248,Ankle,Wulu,Woo-loo
2,248,Arm,Gungil,Gun-gill
2,248,Belly,Muhng,Mun
2,248,Blood,Gumera,Goo-mer-ah
2,248,Body,Biyu,Bee-you
2,248,Bone,Darigan,Dah-ree-gan
2,248,Bottom,Gumu,Goo-moo
2,248,Chest,Tumerrigunn,Tum-air-ee-gun
2,248,Chin,Yarany,Yah-run
2,248,Ears,Binang,Bin-ung
2,248,Elbow,Kuruhny,Koo-run
2,248,Eyebrow,Ngihlim,Nill-im
2,248,Eyes,Mih,Mee
2,248,Face,Nugal,Noo-gull
2,248,Feet/foot,Jinang,Gee-nung
2,248,Finger/s,Danggan,Dung-gan
2,248,Forehead,Ngihr,Near
2,248,Hair,Guhr,Gurr
2,248,Hand,Danggan,Dung-gan
2,248,Head,Bawur,Bah-war
2,248,Heart,Dulgu,Dull-goo
2,248,Hip,Wayan,Way-un
2,248,Kidney,Munggar,Mung-gah
2,248,Knee,Kindil,Kin-dill
2,248,Leg,Jarang,Jah-rung
2,248,Lip,Jehng,Jen
2,248,Liver,Yilngahn,Yill-narn
2,248,Mouth,Jeyang,Jee-young
2,248,Neck,Jalayn,Jay-lun
2,248,Nose,Muru,Moo-roo
2,248,Shoulders,Walagan,Wal-ah-gun
2,248,Teeth,Jirang,Gee-rung
2,248,Thigh,Jarang,Jah-rung
2,248,Thumb,Danggan,Dung-gan
2,248,Tongue,Jurgung,Jur-gun
2,301,Arm,Yamma,Yah-mah
2,301,Belly/Stomach,Dhiggeri,Dig-ah-ree
2,301,Bone,Dyrrbin,Deer-bin
2,301,Ear,Binung,Bin-ung
2,301,Eye/Eyes,Mil,Meel
2,301,Finger,Killen,Kill-een
2,301,Foot,Dinna,Din-nah
2,301,Forehead,Midgeree,Midge-ah-ree
2,301,Hand,Marra,Mah-rah
2,301,Head,Mugil,Moo-gill
2,301,Knee,Buhn,Boon
2,301,Leg,Mungurra,Mun-gah-rah
2,301,Mouth,Dhamburu,Dam-boo-roo
2,301,Neck,Ngullun,Noo-lun
2,301,Nose,Muru,Moo-roo
2,301,Shin,Buyu,Boo-yoo
2,301,Shoulder,Giga,Gee-gah
2,301,Teeth,Deear,Dee-ah
2,255,Arm,Waiyebba,Way-yeb-bah
2,255,Belly/Stomach,Dhiggeri,Dig-ah-ree
2,255,Bone,Dyrrbin,Deer-bin
2,255,Ear,Binung,Bin-ung
2,255,Eye/Eyes,Mil,Meel
2,255,Finger,Killen,Kill-een
2,255,Foot,Dinna,Din-nah
2,255,Forehead,Yilam,Yill-am
2,255,Hand,Marra,Mah-rah
2,255,Head,Gahm,Garm
2,255,Knee,Buhn,Boon
2,255,Leg,Dharang,Dah-rang
2,255,Mouth,Dhambur,Dam-boor
2,255,Neck,Nggurrun,Gnaw-run
2,255,Nose,Muru,Moo-roo
2,255,Shin,Buyu,Boo-yoo
2,255,Shoulder,Giga,Gee-gah
2,255,Teeth,Deear,Dee-ah
2,1191,Ankle,Baranggal,Bah-run-gull
2,1191,Arm,Bungun,Boong-un
2,1191,Armpit,Yuuwirr,You-wid
2,1191,Back,Bawa,Bar-wah
2,1191,Backside,Murru,Moo-roo
2,1191,Beard,Yarray,Yah-ray
2,1191,Blood,Guway,Gwoy
2,1191,Bone,Buya,Boo-yah
2,1191,Calf,Buyu,Boo-yoo
2,1191,Cheek,Dhaal,Darl
2,1191,Chin,Dhaal,Darl
2,1191,Ear,Bina,Bin-ah
2,1191,Elbow,Dhiin,Din
2,1191,Eye,Mil,Mill
2,1191,Eyebrow,Ngudjiin,Nud-jean
2,1191,Eyelash,Ngudjiin,Nud-jean
2,1191,Face,Ngulu,Noo-loo
2,1191,Finger / Fingers,Bambugal,Bum-bah-gull
2,1191,Fingernail,Yulu,You-loo
2,1191,Foot,Dhina,Din-ah
2,1191,Hair,Dhaygal,Dah-gull
2,1191,Hand,Maa,Mah
2,1191,Head,Dhaygal,Dah-gull
2,1191,Heart,Gii,Gee
2,1191,Knee,Dhinbirr,Din-beer
2,1191,Leg,Buyu,Boo-yoo
2,1191,Lips,Yili,Yill-ee
2,1191,Mouth,Ngaay,Nah
2,1191,Neck,Nhun,Noon
2,1191,Nose,Muyu,Moo-yoo
2,1191,Shoulder,Walarr,Wah-lah
2,1191,Skin,Yulay,You-lay
2,1191,Stomach,Mubil,Moo-bill
2,1191,Thigh,Mabun,Mah-boon
2,1191,Toe / Toes,Bambugal,Bum-bah-gull
2,1191,Tongue,Dhalay,Dah-lay
2,1191,Tooth / Teeth,Yira,Yee-rah
2,1191,Waist,Bagurr,Bah-gurr
2,288,Ankle,Bumugul,Boom-uh-gull
2,288,Beard,Ngunga,Noong-ah
2,288,Blood,Gooma,Goo-mah
2,288,Bone,Bulbun,Bull-boon
2,288,Ear,Walloo,Wal-loo
2,288,Eye,Dilli,Dill-ee
2,288,Foot,Dinna,Din-ah
2,288,Hair,Kowno,Cow-no
2,288,Hand,Mulla,Mull-ah
2,288,Head,Kutta,Koot-tah
2,288,Knee,Buhn,Boon
2,288,Leg,Toomo,Too-mow
2,288,Nose,Bootan,Boo-tun
2,288,Shoulder,Wingara,Win-ah-rah
2,288,Skin,Bitty,Bit-tee
2,288,Stomach,Bunna,Boon-ah
2,288,Teeth,Yirra,Year-ah
2,288,Tongue,Tallia,Tar-lee-ah
